feature,importance
Lifetime Revenue,0.2169391374262241
Avg Monthly Revenue,0.16624738011019832
Tenure Months,0.13780554701384162
Avg Features Used,0.08744718141080716
Customer Segment 1,0.07332130830357812
Avg Active Days,0.06812760237022696
Avg Monthly Logins,0.06569853283490905
Avg Session Minutes,0.04545792339916344
Ticket Count,0.03460338264232146
Avg Resolution Hours,0.020249681277443983
